image_id,x1,y1,x2,y2,score
IMG000002.jpeg,889.5211,498.13907,1110.9536,1120.8315,0.9109776
IMG000002.jpeg,654.0248,2685.9949,1274.945,3017.8118,0.0017660157
IMG000014.jpeg,1242.4691,1074.781,1735.2677,1621.3542,0.91171235
IMG000014.jpeg,1809.3898,1192.2401,1974.7769,1394.2701,0.0017804445
IMG000022.jpeg,977.0176,1335.1946,1137.6022,1486.4679,0.5880431
IMG000022.jpeg,687.7721,397.56567,1951.0,846.23926,0.0074436218
IMG000022.jpeg,689.90894,414.45868,1487.6796,839.7771,0.0045669093
IMG000022.jpeg,1024.7068,1349.9247,1130.3665,1489.5496,0.0024738465
IMG000022.jpeg,983.8917,1346.6548,1120.8131,1479.6766,0.001701819
IMG000030.jpeg,985.8198,506.88873,1250.6447,951.73035,0.68627375
IMG000030.jpeg,993.48505,512.15546,1225.148,946.12714,0.547929
IMG000030.jpeg,27.77829,28.206522,216.60924,654.1851,0.0011005213
IMG000041.jpeg,202.91461,77.34324,366.88797,357.1401,0.7713313
IMG000041.jpeg,205.85541,147.71909,361.87045,353.3489,0.0035129553
IMG000052.jpeg,279.82584,126.08663,354.2608,237.3741,0.89666563
IMG000053.jpeg,264.19012,84.906,479.13898,396.2656,0.8591038
IMG000058.jpeg,222.55241,385.14984,285.83325,512.34845,0.93201464
IMG000058.jpeg,259.99554,30.444302,276.60886,55.30642,0.023906903
IMG000058.jpeg,261.1845,30.563864,275.90588,55.0171,0.0010670515
IMG000063.jpeg,237.3325,222.04834,332.15277,366.5347,0.93268824
IMG000063.jpeg,200.60309,206.10649,336.68372,374.0225,0.053149495
IMG000063.jpeg,167.95592,198.63531,328.79153,371.413,0.0045300224
IMG000063.jpeg,11.540303,175.38213,331.76447,381.68582,0.0025707397
IMG000063.jpeg,146.6809,799.69324,193.02802,812.0,0.0012326645
IMG000065.jpeg,193.14066,213.37431,248.65077,357.56934,0.6614842
IMG000065.jpeg,193.23193,291.26837,227.2172,353.74258,0.007605099
IMG000065.jpeg,187.58737,124.021515,288.44705,363.6534,0.005184946
IMG000065.jpeg,187.49054,208.68637,277.155,361.7052,0.0015600913
IMG000067.jpeg,155.16266,525.31934,240.70528,607.993,0.9485764
IMG000075.jpeg,263.61063,103.374115,397.19675,342.64825,0.8930503
IMG000102.jpeg,132.20914,129.67586,283.6624,309.52145,0.9454684
IMG000113.jpeg,485.0243,183.57225,539.58777,265.02536,0.34165123
IMG000113.jpeg,0.0,699.0393,39.974155,771.6762,0.009909239
IMG000122.jpeg,175.48515,293.7845,234.3063,421.09567,0.7138397
IMG000122.jpeg,176.0524,293.93875,234.311,421.86093,0.120050415
IMG000122.jpeg,171.68169,169.81567,240.37404,434.76376,0.0035914534
IMG000122.jpeg,167.98416,283.37036,243.05357,455.73016,0.0023694162
IMG000155.jpeg,215.57729,259.8322,326.86902,391.49625,0.96051437
IMG000161.jpeg,121.84793,329.67706,328.40933,552.7369,0.845927
IMG000161.jpeg,121.54611,333.61612,327.16937,550.0079,0.7541019
IMG000161.jpeg,401.09143,238.20924,599.32263,426.58057,0.027602198
IMG000163.jpeg,196.21465,149.91698,267.12494,355.32388,0.8466625
IMG000166.jpeg,178.72755,536.3739,321.05722,691.16736,0.92099667
IMG000176.jpeg,115.03332,338.68835,190.20255,473.4785,0.9433424
IMG000176.jpeg,0.0,0.0,49.21731,92.87319,0.016804954
IMG000180.jpeg,115.402374,5.8144584,242.15999,141.09756,0.91306853
IMG000180.jpeg,172.40076,5.899921,242.51363,142.02841,0.84812665
IMG000180.jpeg,117.603035,1.5834435,242.54852,146.06047,0.07216422
IMG000180.jpeg,116.125984,2.7965813,159.06932,57.607864,0.02521461
IMG000180.jpeg,118.01359,0.8672044,161.43677,62.939877,0.00248441
IMG000187.jpeg,271.09238,331.29236,390.0445,452.92694,0.05428305
IMG000187.jpeg,249.89949,319.3124,393.70544,452.77454,0.024908176
IMG000192.jpeg,187.13763,203.68396,243.93709,326.6848,0.8859858
IMG000192.jpeg,183.11516,199.1548,247.86748,329.96027,0.07077624
IMG000194.jpeg,258.921,51.85815,313.19226,156.8819,0.5652549
IMG000194.jpeg,245.72208,0.0,329.74454,168.49876,0.0127269365
IMG000194.jpeg,259.13837,1.0425723,327.9543,148.96666,0.001948558
IMG000210.jpeg,840.3991,489.5382,875.01587,536.758,0.012158562
IMG000213.jpeg,1947.8679,2942.6782,2119.9744,2986.0,0.0032045085
IMG000213.jpeg,2002.3737,2944.232,2137.3938,2986.0,0.0020310846
IMG000214.jpeg,110.73609,83.7068,1020.26685,1121.6097,0.9488843
IMG000218.jpeg,552.98364,66.52089,821.944,725.72235,0.8474598
IMG000218.jpeg,5.8898435,21.766457,175.46274,714.78906,0.0012866602
IMG000225.jpeg,361.04672,358.9248,620.79004,825.83685,0.04069584
IMG000233.jpeg,346.9405,406.57574,745.9223,811.94025,0.83901316
IMG000241.jpeg,1272.6636,747.7723,1517.2905,1017.7587,0.91747874
IMG000241.jpeg,1596.6056,1906.3341,1667.9727,2033.0709,0.015424928
IMG000245.jpeg,288.50494,803.88434,621.16675,1283.6451,0.77349836
IMG000245.jpeg,270.7615,786.9096,696.8158,1297.0259,0.008761044
IMG000245.jpeg,269.30975,794.5822,683.0089,1298.2966,0.0026841494
IMG000255.jpeg,1091.1532,669.7472,1192.0092,841.93256,0.7396546
IMG000255.jpeg,683.3478,748.4887,917.90625,1100.568,0.0042129126
IMG000255.jpeg,1076.527,666.10706,1198.2157,849.1194,0.0037210123
IMG000255.jpeg,1155.9458,2445.2742,1188.1095,2502.957,0.0024115718
IMG000263.jpeg,585.52313,1767.7983,653.90546,1890.3406,0.8848445
IMG000268.jpeg,702.0766,1743.75,783.7491,1946.7412,0.74650574
IMG000268.jpeg,871.5006,0.0,1017.8495,161.53252,0.0032729716
IMG000273.jpeg,821.04694,2016.2953,1032.1583,2568.3281,0.8459009
IMG000273.jpeg,797.6054,2008.321,1062.7402,2581.9966,0.0030563676
IMG000275.jpeg,769.57074,741.0782,790.7343,799.6773,0.8171193
IMG000275.jpeg,335.2016,721.3475,367.35208,812.8657,0.8144293
IMG000275.jpeg,341.2124,732.3216,362.06708,809.48737,0.596359
IMG000285.jpeg,1117.8135,1548.684,1197.9977,1674.8154,0.86524576
IMG000286.jpeg,591.50024,1893.7655,633.7489,1941.5441,0.05722638
IMG000286.jpeg,3.4356122,0.0,1056.8408,773.4426,0.0012166782
IMG000287.jpeg,913.7495,1054.3516,1009.94794,1175.4341,0.001674353
IMG000289.jpeg,697.8375,1814.3237,855.3367,2207.0708,0.53245384
IMG000289.jpeg,419.4568,2669.4934,481.16708,2741.54,0.010715967
IMG000299.jpeg,712.6692,1180.1958,1223.6425,1497.9231,0.9222657
IMG000299.jpeg,913.44055,1166.5905,1245.1418,1495.6445,0.5731556
IMG000299.jpeg,662.15265,455.76837,891.4566,878.3448,0.26811588
IMG000299.jpeg,582.8074,178.0965,690.79816,475.12723,0.12602812
IMG000299.jpeg,593.48773,181.8952,679.00635,473.17517,0.11071838
IMG000299.jpeg,664.61743,177.91617,907.08496,895.7791,0.008139805
IMG000299.jpeg,500.25787,461.86282,887.9122,880.1524,0.004206123
IMG000301.jpeg,1202.8234,1531.276,1299.7739,1617.1296,0.18319108
IMG000301.jpeg,1531.2156,1261.4481,1605.2579,1360.2507,0.03518908
IMG000301.jpeg,1166.3186,1518.0853,1301.566,1662.0405,0.025645375
IMG000301.jpeg,1504.7887,1217.055,1606.823,1362.1306,0.013521452
IMG000301.jpeg,1376.8553,1212.5886,1601.0308,1364.4985,0.001929639
IMG000304.jpeg,1262.8577,1738.465,1343.0759,1880.7002,0.31773382
IMG000304.jpeg,1430.4231,1776.4729,1509.5919,1883.1923,0.21503353
IMG000304.jpeg,1416.3573,1771.5366,1508.8112,1884.6252,0.01907014
IMG000304.jpeg,1268.6116,1738.186,1353.04,1880.4175,0.004627306
IMG000310.jpeg,742.8191,2097.495,808.99884,2230.1968,0.8524665
IMG000348.jpeg,904.417,1835.2069,1040.1423,1958.1414,0.48206148
IMG000348.jpeg,1088.8257,1150.17,1184.3953,1271.8713,0.4735165
IMG000348.jpeg,1086.034,1151.291,1180.5867,1272.4847,0.0961962
IMG000361.jpeg,1906.781,434.3113,2046.1622,606.9658,0.3273549
IMG000361.jpeg,2464.4487,886.12445,2539.7405,978.77954,0.007695913
IMG000361.jpeg,976.6876,579.1079,1094.1298,710.84485,0.0057335617
IMG000366.jpeg,10.627941,1391.8191,1003.34015,2321.0,0.0018464159
IMG000371.jpeg,1461.6318,969.68286,1523.9961,1048.6846,0.07564305
IMG000371.jpeg,1455.2795,964.2035,1531.7319,1075.2422,0.008883497
IMG000371.jpeg,1459.9019,965.2136,1531.9117,1073.31,0.00435819
IMG000371.jpeg,1463.6636,974.2932,1524.4713,1049.2245,0.00203788
IMG000374.jpeg,655.39636,737.69635,855.2294,915.1111,0.9329441
IMG000374.jpeg,57.398197,701.28436,333.53336,1008.375,0.9221982
IMG000374.jpeg,90.94885,295.32477,383.905,528.783,0.8982941
IMG000380.jpeg,832.7077,3054.1504,1029.7823,3381.4873,0.00203902
IMG000389.jpeg,477.6039,760.57294,638.86774,821.8786,0.007998184
IMG000390.jpeg,1064.8937,2165.0718,1182.7577,2436.3323,0.93112534
IMG000395.jpeg,601.2201,337.58478,697.7622,496.9797,0.87492377
IMG000395.jpeg,249.62256,337.93262,350.09268,509.4299,0.6705864
IMG000396.jpeg,45.15828,745.37317,332.05756,1051.9891,0.949351
IMG000396.jpeg,84.167885,334.73264,382.14478,569.92194,0.9189541
IMG000396.jpeg,39.811558,755.2846,188.57417,1056.9065,0.16153713
IMG000396.jpeg,89.99047,377.53357,140.84525,473.16254,0.007485174
IMG000396.jpeg,83.11642,374.1767,145.83513,554.2085,0.0018667039
IMG000401.jpeg,657.91254,1378.5624,1374.5846,1848.9105,0.85918444
IMG000401.jpeg,581.0854,423.04407,1300.174,1172.7705,0.67936385
IMG000401.jpeg,644.9317,1313.2544,1387.3795,2454.0,0.0019219375
IMG000408.jpeg,2362.4883,1891.2393,2402.7427,1967.8954,0.46509326
IMG000408.jpeg,2378.5247,1808.3762,2536.1184,1972.2993,0.019018829
IMG000408.jpeg,2383.0608,1797.5533,2575.8088,1934.7645,0.012139162
IMG000408.jpeg,2360.7285,1838.9841,2406.1887,1967.7268,0.008457247
IMG000408.jpeg,2348.0,1138.8325,2440.0286,1216.9438,0.0052016117
IMG000419.jpeg,823.43134,269.61725,980.17017,767.0961,0.5079246
IMG000419.jpeg,987.118,987.0023,1165.8618,1237.4479,0.09965271
IMG000419.jpeg,1422.1157,2370.8738,1519.3162,2609.2559,0.07470248
IMG000419.jpeg,990.4653,989.49,1164.1865,1232.0964,0.03903804
IMG000419.jpeg,1423.2867,2376.5728,1518.2711,2607.6152,0.02413411
IMG000419.jpeg,1034.2212,1023.6776,1148.2095,1230.479,0.0060419813
IMG000419.jpeg,1029.1984,1015.349,1152.2877,1217.2692,0.0022979446
IMG000419.jpeg,808.70374,271.75424,1080.4753,776.2206,0.0021827975
IMG000419.jpeg,679.2556,189.4336,982.26636,765.915,0.00170478
IMG000423.jpeg,1058.1671,723.39026,1105.0543,922.5298,0.72985554
IMG000423.jpeg,1049.0343,689.95715,1119.7981,921.62787,0.30698904
IMG000423.jpeg,1078.952,2619.8528,1123.1333,2741.7722,0.0010233363
IMG000432.jpeg,1005.24316,1757.8184,1096.7657,1885.1506,0.8397356
IMG000432.jpeg,5.2562356,1616.532,127.41294,1803.9,0.6923993
IMG000434.jpeg,810.9547,893.8415,911.1519,1062.5143,0.32145748
IMG000434.jpeg,809.41364,892.34344,908.91583,1065.4614,0.017247787
IMG000441.jpeg,846.5848,1115.3772,892.1142,1170.5814,0.8110341
IMG000441.jpeg,853.56903,1123.4117,886.61816,1166.0278,0.7590477
IMG000442.jpeg,670.8324,1554.7751,728.7602,1648.5347,0.8440807
IMG000442.jpeg,937.25134,85.05859,1763.0176,642.12726,0.0011371229
IMG000445.jpeg,1177.6985,1677.2231,1225.2064,1747.3306,0.80892557
IMG000445.jpeg,1170.5513,1677.7732,1224.2902,1790.8911,0.6180119
IMG000445.jpeg,1149.85,1687.5027,1220.5493,1797.1503,0.2772379
IMG000446.jpeg,313.8464,359.58255,1177.3805,1088.0416,0.004331899
IMG000446.jpeg,767.4808,1778.7263,1502.2655,2250.0217,0.0014670073
IMG000446.jpeg,1169.05,1436.9073,1453.5723,1667.172,0.0011342241
IMG000447.jpeg,1094.8074,658.01855,1161.6149,744.0169,0.56222904
IMG000447.jpeg,1106.0247,663.9923,1157.3196,726.17084,0.1345602
IMG000459.jpeg,506.54416,950.2034,755.10223,1323.4163,0.9661877
IMG000463.jpeg,820.0365,1457.6239,1378.3832,2349.75,0.927176
IMG000463.jpeg,827.5375,1449.468,1379.4954,2351.435,0.015720036
IMG000477.jpeg,715.0907,811.14923,1416.2968,1495.6532,0.9349909
IMG000477.jpeg,1134.4619,1849.828,1552.3472,2267.9424,0.9257724
IMG000481.jpeg,635.0094,1715.5748,701.3527,1885.6729,0.865327
IMG000481.jpeg,749.89777,800.8085,1122.5659,1075.317,0.008719203
IMG000481.jpeg,635.3991,1720.8132,686.41516,1838.4717,0.0015966699
IMG000483.jpeg,1486.0298,1777.1123,1578.6594,1865.7161,0.8277107
IMG000483.jpeg,1468.1605,1758.6172,1584.404,1879.035,0.3254188
IMG000484.jpeg,1010.6256,624.7723,1436.5248,1299.603,0.75008875
IMG000484.jpeg,981.187,596.7689,1463.3179,1331.5325,0.09547647
IMG000484.jpeg,1011.4701,632.3027,1440.8527,1297.183,0.092841074
IMG000484.jpeg,969.7795,605.5331,1480.227,1330.3186,0.0063500893
IMG000486.jpeg,740.66583,1498.2615,831.1688,1666.4469,0.8907997
IMG000486.jpeg,733.9681,1493.9569,783.7155,1582.9395,0.0022157412
IMG000495.jpeg,1377.119,1194.597,1513.1267,1276.2202,0.0065091276
IMG000517.jpeg,646.3546,1517.9062,827.9793,1793.4935,0.6987777
IMG000517.jpeg,642.5915,1524.4133,941.7245,1794.9795,0.09987149
IMG000517.jpeg,638.34326,1514.6412,837.39996,1793.4825,0.02065028
IMG000522.jpeg,727.3154,577.33295,958.74695,793.6257,0.041079346
IMG000529.jpeg,1305.2806,1035.9379,1368.8243,1175.0651,0.014267073
IMG000529.jpeg,681.87994,1178.7239,718.5678,1221.5516,0.0031272722
IMG000529.jpeg,687.1224,1178.9584,728.32117,1223.6725,0.0017562605
IMG000530.jpeg,876.72644,731.9494,939.1202,823.87683,0.025820462
IMG000542.jpeg,833.4093,486.27707,875.36597,572.6817,0.7957939
IMG000542.jpeg,824.40875,461.15585,883.3305,580.66797,0.004308146
IMG000542.jpeg,526.248,953.2681,863.2277,2985.6392,0.002829743
IMG000542.jpeg,497.8512,407.26083,857.96106,2112.7976,0.0017448282
IMG000543.jpeg,778.509,1188.5736,942.71106,1412.6656,0.7855089
IMG000543.jpeg,539.9832,929.7517,565.09827,1016.5661,0.013925284
IMG000543.jpeg,533.9025,928.3294,573.27386,1022.48615,0.0013583874
IMG000544.jpeg,390.8495,2594.8096,519.08575,2821.7573,0.09590291
IMG000544.jpeg,400.15192,2599.7542,508.54282,2813.834,0.016933026
IMG000544.jpeg,675.2671,2581.4446,708.30914,2689.3867,0.0027385538
IMG000544.jpeg,642.72205,2113.1865,797.06775,2442.7866,0.0021477675
IMG000544.jpeg,871.67755,4.632859,962.49414,67.47173,0.0014354467
IMG000544.jpeg,79.98103,3334.1077,166.12836,3401.2412,0.0010361883
IMG000564.jpeg,1194.7926,757.24164,2015.9235,1668.8522,0.0017783934
IMG000565.jpeg,736.4345,218.24863,813.6787,273.57938,0.008664849
IMG000565.jpeg,743.0878,229.78246,807.8525,266.66043,0.0027518533
IMG000565.jpeg,588.03345,624.34485,658.3244,671.0411,0.0024789246
IMG000565.jpeg,165.76326,561.70746,214.9902,612.8776,0.0015832147
IMG000573.jpeg,1552.6632,674.05,2272.372,1128.4382,0.91835165
IMG000573.jpeg,374.3614,731.9905,1106.7955,1216.8021,0.82379985
IMG000573.jpeg,1543.4888,613.3157,1651.787,823.9717,0.59220123
IMG000573.jpeg,1878.525,656.35345,2272.0576,1084.86,0.58572173
IMG000573.jpeg,875.14954,685.16656,1131.5746,1088.4742,0.44439548
IMG000573.jpeg,354.51907,762.5364,818.93854,1251.2466,0.37626147
IMG000573.jpeg,714.419,2640.3293,846.538,2942.3906,0.13548048
IMG000573.jpeg,1559.0667,631.5719,1632.2659,801.8645,0.063414045
IMG000573.jpeg,1782.9797,2362.092,1995.4008,2775.0422,0.038554315
IMG000573.jpeg,733.92114,2223.7676,829.587,2519.058,0.029571623
IMG000573.jpeg,333.8926,3.3628335,832.30695,203.28589,0.020397099
IMG000573.jpeg,338.8826,2.9255974,1072.402,207.4769,0.018127047
IMG000573.jpeg,691.75964,2631.8887,1062.0608,2944.558,0.01153775
IMG000573.jpeg,398.03247,1.4054881,1104.344,198.71417,0.008872369
IMG000573.jpeg,646.2158,3.7885387,1130.1858,105.66574,0.0073858653
IMG000573.jpeg,352.37927,0.0,488.45657,186.9166,0.006665116
IMG000573.jpeg,338.12317,3.767406,582.37225,204.49258,0.0055807247
IMG000573.jpeg,647.771,3.932959,1087.978,190.73009,0.003728876
IMG000573.jpeg,736.7005,2230.7195,1034.9644,2520.4536,0.0027941626
IMG000573.jpeg,1548.0674,630.98486,1762.7388,1118.9192,0.0017888484
IMG000594.jpeg,742.2472,560.9291,803.47534,880.9393,0.43027478
IMG000594.jpeg,723.8288,557.2417,821.0019,868.04266,0.18618968
IMG000594.jpeg,744.5282,568.08057,803.71893,863.02655,0.037078872
IMG000594.jpeg,748.7898,752.4407,775.597,882.92725,0.022526309
IMG000594.jpeg,734.4796,567.69354,804.6978,873.17566,0.017153317
IMG000594.jpeg,747.29175,561.3677,786.59576,883.4346,0.0018526748
IMG000597.jpeg,378.86688,0.0,468.94733,160.09225,0.2041545
IMG000602.jpeg,794.0027,1803.4128,950.03656,2273.9866,0.20014241
IMG000602.jpeg,786.75165,1826.7727,965.6724,2245.458,0.048586424
IMG000602.jpeg,803.3557,1804.3096,965.6003,2087.1638,0.0046097646
IMG000609.jpeg,1291.1871,1509.0149,1385.0458,1684.4918,0.88223344
IMG000609.jpeg,1854.4625,1168.3265,1881.6599,1235.2775,0.0016539681
IMG000609.jpeg,1233.1294,917.80493,1490.1685,1965.5149,0.0011270054
IMG000635.jpeg,871.0674,1532.666,939.0592,1583.2439,0.60452276
IMG000645.jpeg,1141.601,545.18994,1189.4689,609.2628,0.04848861
IMG000645.jpeg,378.93918,2203.9226,572.3736,2537.9048,0.019716723
IMG000646.jpeg,548.76855,915.04364,626.8455,1081.5737,0.06187712
IMG000651.jpeg,1077.3414,517.53687,1152.8597,634.2303,0.25290084
IMG000651.jpeg,747.6428,803.21985,864.21136,1039.7153,0.25011685
IMG000651.jpeg,1077.8282,517.52704,1151.3583,635.3231,0.048703782
IMG000651.jpeg,1178.4135,818.897,1305.7781,921.0254,0.028399918
IMG000651.jpeg,600.0414,750.1429,1294.2738,1552.3651,0.010483599
IMG000651.jpeg,734.3937,796.5263,880.2524,1048.6604,0.0031385678
IMG000651.jpeg,1189.8763,1138.2634,1290.1506,1257.0375,0.0028043934
IMG000651.jpeg,716.9034,793.2997,1322.7766,1273.2245,0.0013854819
IMG000662.jpeg,1244.9993,1163.8641,1870.2544,1763.1858,0.9676281
IMG000662.jpeg,212.78143,2160.3142,515.5251,2634.9119,0.9459047
IMG000662.jpeg,539.82904,2114.9714,922.6,2494.064,0.92857033
IMG000662.jpeg,1579.6464,2318.9597,1903.1971,2619.108,0.9050305
IMG000662.jpeg,411.6223,1117.1625,1059.6451,1687.2434,0.8879724
IMG000662.jpeg,300.39273,5.8976445,413.61908,261.74838,0.6616465
IMG000662.jpeg,1733.6394,4.5730977,1949.6919,145.65213,0.5025418
IMG000662.jpeg,1248.0916,1416.2754,1421.91,1763.6644,0.048042905
IMG000662.jpeg,1280.1256,2235.0544,1401.3582,2381.9504,0.021976104
IMG000662.jpeg,1776.2299,0.0,1992.7968,158.83734,0.0032316935
IMG000662.jpeg,304.7809,0.0,519.1766,267.89142,0.0030325383
IMG000662.jpeg,297.15332,0.0,578.3606,267.8034,0.002890364
IMG000662.jpeg,1274.0712,2234.4653,1463.5021,2342.987,0.0015277483
IMG000662.jpeg,307.02097,8.083324,587.5062,255.67767,0.0012736588
IMG000672.jpeg,1049.5103,1631.0515,1106.899,1710.3403,0.8479571
IMG000682.jpeg,156.22456,651.65674,214.0366,708.80225,0.78238726
IMG000716.jpeg,814.48346,1564.3228,1138.8884,1868.638,0.95334506
IMG000716.jpeg,433.75067,467.2604,1084.7922,1066.2417,0.9223945
IMG000716.jpeg,424.81555,1460.3816,561.0486,1643.8273,0.09348132
IMG000716.jpeg,429.37506,1451.3597,779.07446,1657.018,0.019956732
IMG000716.jpeg,428.78806,1462.4187,562.8713,1640.4888,0.004117773
IMG000725.jpeg,1242.941,460.14047,1383.7845,658.2289,0.9007908
IMG000725.jpeg,0.0,305.63174,658.8341,1148.0417,0.004709199
IMG000725.jpeg,0.0,1470.9879,971.48206,1975.0,0.0024575137
IMG000738.jpeg,785.985,402.77948,909.7393,639.4911,0.21071573
IMG000738.jpeg,804.61816,2.0193396,897.1861,218.03833,0.15390848
IMG000738.jpeg,806.90643,0.0,874.5183,109.5805,0.04458163
IMG000738.jpeg,780.3173,19.415014,927.2202,646.5835,0.043840133
IMG000738.jpeg,795.88885,412.34702,884.80347,633.37933,0.029027753
IMG000738.jpeg,800.285,1.4915549,855.49225,52.165447,0.0028623925
IMG000738.jpeg,796.40656,0.0,910.6175,267.70172,0.001110825
IMG000739.jpeg,0.0,1034.5134,969.5522,2094.3096,0.001303574
IMG000754.jpeg,1225.0427,1621.8822,1254.3237,1689.0629,0.08437936
IMG000754.jpeg,1109.0627,1622.6514,1167.3655,1711.0044,0.0047778813
IMG000754.jpeg,1151.9646,1898.2566,1712.2156,2052.0,0.0022445237
IMG000759.jpeg,1750.1145,1219.5881,2478.411,1684.4489,0.056348577
IMG000759.jpeg,1062.8712,1289.1547,1537.6647,1666.4436,0.0011506524
IMG000761.jpeg,160.16702,619.8803,199.52754,700.9244,0.7966857
IMG000764.jpeg,542.8369,897.1548,624.6228,1126.7635,0.5456212
IMG000764.jpeg,1010.66016,1075.2319,1059.7899,1169.7058,0.13638346
IMG000764.jpeg,1015.52356,1077.7073,1057.0603,1169.3163,0.024239024
IMG000765.jpeg,1785.2615,1911.1942,1861.3866,2024.1656,0.88190556
IMG000765.jpeg,1108.55,2084.4924,1178.3085,2224.302,0.85669243
IMG000786.jpeg,163.76062,256.48267,334.2281,469.97522,0.0042038066
IMG000786.jpeg,436.70612,159.62405,689.2523,417.9338,0.001941705
IMG000790.jpeg,4.441667,159.69836,12.103199,172.45044,0.048644852
IMG000790.jpeg,4.7049317,30.563034,48.824055,172.40465,0.0013013658
IMG000798.jpeg,221.1829,82.37909,336.97772,223.10239,0.9114755
IMG000798.jpeg,220.73424,83.998764,263.90643,173.59511,0.0015267405
IMG000804.jpeg,106.010345,244.17122,332.34512,460.41928,0.92432916
IMG000804.jpeg,100.75733,354.04865,341.3654,466.6473,0.86169857
IMG000804.jpeg,106.30756,400.1731,127.8462,427.4928,0.13587151
IMG000804.jpeg,168.6805,0.0,206.55106,52.19688,0.0013383012
IMG000820.jpeg,266.5735,5.654497,400.66565,397.06934,0.0014320933
IMG000821.jpeg,173.12823,243.31711,207.5312,281.72882,0.006436294
IMG000821.jpeg,170.66211,241.58807,208.30331,281.25278,0.0010427863
IMG000824.jpeg,370.3362,455.1946,403.29782,544.1544,0.19366354
IMG000824.jpeg,369.43607,455.159,402.05453,547.52344,0.03100146
IMG000824.jpeg,364.0736,449.56424,409.1896,560.84155,0.016930921
IMG000824.jpeg,363.58728,453.26877,413.73325,554.86884,0.0023582175
IMG000828.jpeg,572.9889,386.42868,661.10657,485.4823,0.0059415
IMG000862.jpeg,2175.063,643.76215,2562.1917,1299.0588,0.37983286
IMG000862.jpeg,2184.3804,648.0124,2561.5967,1294.7954,0.22166924
IMG000862.jpeg,2140.447,617.8433,2586.9863,1320.5817,0.0730331
IMG000862.jpeg,2181.2449,644.70996,2561.6035,1296.6302,0.044871114
IMG000862.jpeg,697.4225,332.26068,813.47284,468.72214,0.0010467501
IMG000863.jpeg,766.8656,2100.3872,823.23145,2197.9841,0.7577989
IMG000863.jpeg,1348.1553,2850.1802,1407.7634,2934.8823,0.001661359
IMG000875.jpeg,802.2048,555.4304,847.0801,597.13385,0.82355744
IMG000884.jpeg,958.80475,328.89328,1082.4386,601.46277,0.81106466
IMG000884.jpeg,943.99146,251.08757,1100.355,612.3368,0.42206815
IMG000887.jpeg,434.0347,1551.0702,532.3561,1658.7734,0.88187814
IMG000904.jpeg,775.61414,1493.7333,827.29047,1570.4359,0.8133891
IMG000917.jpeg,880.311,342.84192,913.4816,383.76483,0.7911214
IMG000919.jpeg,311.04532,1188.616,340.37314,1273.5154,0.5993184
IMG000919.jpeg,312.59378,1171.6101,349.26306,1276.8727,0.18654183
IMG000936.jpeg,1650.6688,281.12186,1858.0142,687.0277,0.93110573
IMG000936.jpeg,2107.3828,1429.5939,2282.5503,1657.0782,0.84538746
IMG000936.jpeg,427.66702,670.40985,512.0797,809.76685,0.7347817
IMG000936.jpeg,793.9551,427.24576,928.9116,881.2076,0.6252225
IMG000936.jpeg,1926.8615,1350.4164,2087.0532,1665.8564,0.57322794
IMG000936.jpeg,1740.007,1342.3718,1832.8359,1543.4476,0.49934772
IMG000936.jpeg,1980.193,1436.0682,2076.651,1666.8761,0.44597322
IMG000936.jpeg,1780.2079,1385.1893,2076.1353,1688.748,0.31565738
IMG000936.jpeg,333.25888,1421.1956,526.6539,1606.294,0.0833267
IMG000936.jpeg,440.37027,692.2267,503.1861,792.4038,0.030556753
IMG000936.jpeg,578.29266,17.92847,739.8957,221.51065,0.027624026
IMG000936.jpeg,427.81805,664.5498,524.84,887.508,0.013819401
IMG000936.jpeg,455.28284,1454.2587,533.28613,1591.5383,0.011013794
IMG000936.jpeg,740.5706,1344.1158,865.05585,1481.3469,0.006394789
IMG000936.jpeg,611.98773,492.3006,849.6177,881.594,0.005850629
IMG000936.jpeg,1977.1492,1430.539,2265.1116,1655.6451,0.005058906
IMG000936.jpeg,279.2089,1429.2295,523.3332,1850.8846,0.004985611
IMG000936.jpeg,560.1617,426.7165,932.35834,891.44104,0.002306514
IMG000936.jpeg,1951.7467,1410.616,2085.4268,1600.7213,0.001849556
IMG000939.jpeg,661.8641,1589.8574,743.79755,1721.0315,0.8953312
IMG000939.jpeg,649.8196,1584.3917,758.6978,1763.0381,0.6350025
IMG000944.jpeg,883.3804,1278.2496,1002.4498,1487.9,0.9405145
IMG000944.jpeg,1194.4927,660.4832,1291.5157,901.42645,0.84745115
IMG000944.jpeg,850.7422,815.72437,917.2445,973.40436,0.83343023
IMG000944.jpeg,1213.5614,1239.2872,1267.6772,1327.752,0.7281497
IMG000944.jpeg,612.01904,637.4367,719.8991,910.85596,0.0018636058
IMG000944.jpeg,1177.6293,1227.9568,1266.9644,1338.4674,0.001791871
IMG000945.jpeg,646.88464,1072.5747,731.6609,1180.5928,0.93413866
IMG000945.jpeg,644.23486,986.77527,835.6337,1176.3833,0.77218026
IMG000945.jpeg,741.7738,564.7048,808.6293,696.1854,0.7479207
IMG000945.jpeg,643.35736,987.1928,836.91724,1177.9734,0.16292329
IMG000945.jpeg,917.8767,477.21683,987.2805,571.6818,0.08717978
IMG000945.jpeg,746.5115,573.9447,802.303,689.66187,0.027100906
IMG000945.jpeg,917.3657,477.44324,987.82635,571.7449,0.01830293
IMG000945.jpeg,914.0154,473.3272,994.31323,577.2039,0.0024709394
IMG000945.jpeg,742.45996,564.6315,878.44275,711.6256,0.0015055657
IMG000948.jpeg,1160.8322,1905.7372,1281.8069,2221.026,0.85985416
IMG000948.jpeg,1170.9169,2021.6543,1266.3541,2208.5002,0.85213035
IMG000948.jpeg,882.3256,2910.082,1014.56775,2940.1875,0.0012573369
IMG000955.jpeg,1189.0204,1463.1333,1263.8513,1570.8512,0.87583613
IMG000958.jpeg,1780.0686,783.40314,1847.7164,904.46454,0.8607652
IMG000961.jpeg,609.01483,734.22876,669.1928,941.8152,0.8008802
IMG000961.jpeg,597.1745,723.7702,682.709,947.15656,0.14864166
IMG000962.jpeg,558.6239,3271.9915,640.3483,3414.975,0.050973915
IMG000962.jpeg,1356.2294,957.6518,1687.4554,1585.0144,0.043600164
IMG000962.jpeg,544.71027,3256.4617,662.142,3424.865,0.0033822607
IMG000962.jpeg,323.14865,923.9128,744.93286,1319.275,0.0022586046
IMG000978.jpeg,543.9652,369.43652,857.09717,646.0468,0.6015335
IMG000978.jpeg,522.2808,345.93307,874.7656,709.6097,0.4820659
IMG000978.jpeg,0.0,1947.6199,278.88678,2022.9802,0.0038555518
IMG000978.jpeg,528.82263,357.0233,869.79144,716.11304,0.0010431817
IMG000986.jpeg,1045.3657,699.608,1148.4747,852.82886,0.9165531
IMG000991.jpeg,829.4858,1601.1349,929.72705,1856.2064,0.85854703
IMG000991.jpeg,765.5698,2276.9004,932.43243,2303.0,0.001628518
IMG000991.jpeg,659.4135,2208.959,1033.2445,2303.0,0.0012065219
IMG000993.jpeg,945.2186,1277.8568,991.22766,1382.8561,0.8350201
IMG000994.jpeg,902.9901,1565.7125,1072.074,1977.1863,0.92953354
IMG000994.jpeg,574.70825,598.3593,1051.7534,1103.5134,0.8240241
IMG000994.jpeg,592.1979,1423.1714,884.2008,1932.3131,0.5526946
IMG000994.jpeg,569.96674,605.04443,691.6778,820.3814,0.3942688
IMG000994.jpeg,568.6853,1492.5557,641.0662,1599.184,0.2822814
IMG000994.jpeg,768.1471,1411.5205,879.2908,1918.4961,0.27652526
IMG000994.jpeg,962.1129,834.3842,1009.2391,897.7938,0.07261731
IMG000994.jpeg,717.8987,1406.6437,907.6287,1937.483,0.06995459
IMG000994.jpeg,768.55707,1722.1903,856.269,1913.4675,0.05347905
IMG000994.jpeg,562.3881,1433.4784,997.51953,1761.7996,0.012282117
IMG000994.jpeg,570.74396,1453.3937,837.93353,1750.8411,0.005010023
IMG000994.jpeg,947.3789,805.19476,1072.3961,1139.978,0.0032493225
IMG000994.jpeg,571.5415,1460.3636,778.71313,1655.011,0.0031996535
IMG000994.jpeg,957.232,832.3894,999.1773,906.11285,0.0026600347
IMG000994.jpeg,958.5467,825.3764,1047.357,942.3499,0.0016822369
IMG000997.jpeg,338.67566,323.29602,586.79346,585.1792,0.9409855
IMG000997.jpeg,1416.0859,324.12692,1624.7097,673.36884,0.92483944
IMG000997.jpeg,1179.6334,332.0933,1282.9937,550.52277,0.8614957
IMG000997.jpeg,510.09607,1341.7412,573.7371,1562.9581,0.81542015
IMG000997.jpeg,743.12555,253.61142,831.6297,345.9149,0.8051027
IMG000997.jpeg,1190.0328,389.2928,1267.0676,541.6561,0.5789146
IMG000997.jpeg,520.7484,1344.2518,565.4489,1413.7924,0.10926203
IMG000997.jpeg,1338.9722,1527.1844,1408.654,1727.8201,0.10031686
IMG000997.jpeg,1355.0201,1556.466,1409.2162,1642.3005,0.019328602
IMG000997.jpeg,672.01746,171.54645,821.1994,356.0039,0.002141824
IMG000997.jpeg,1393.5491,310.79617,1646.3529,877.4131,0.002079556
IMG000997.jpeg,532.7845,254.02898,830.6206,401.11847,0.0014055703
IMG000997.jpeg,518.4905,1343.6921,568.5883,1439.9592,0.0011314469
IMG000997.jpeg,671.4899,248.33994,828.4564,362.045,0.0010530776
IMG000997.jpeg,1376.0785,1557.848,1408.9966,1624.6797,0.0010171187
IMG001002.jpeg,511.35757,433.2743,667.7318,768.6828,0.8983361
IMG001002.jpeg,547.68774,1607.7288,588.87756,1676.6215,0.83831453
IMG001002.jpeg,489.2941,1435.8176,520.4744,1540.2634,0.55472934
IMG001002.jpeg,540.95416,1608.7097,586.9904,1713.8961,0.39687026
IMG001002.jpeg,546.6099,1606.8239,588.7966,1676.7156,0.18609832
IMG001002.jpeg,529.86664,1606.025,588.24274,1747.2251,0.17550938
IMG001002.jpeg,493.945,1435.9753,513.93445,1501.6361,0.111526504
IMG001002.jpeg,486.05856,1437.5798,516.8286,1552.0374,0.034912508
IMG001002.jpeg,531.7717,1660.815,583.34216,1744.7488,0.007960195
IMG001002.jpeg,133.13918,1988.7314,223.78912,2021.0,0.0033859806
IMG001002.jpeg,490.7774,1432.483,522.0537,1500.3264,0.0024994465
IMG001027.jpeg,896.6572,1322.4216,973.48926,1472.6012,0.66203237
IMG001027.jpeg,897.3503,1394.212,973.9953,1471.6603,0.035180338
IMG001027.jpeg,453.7585,1357.8519,493.11954,1418.2172,0.0037019341
IMG001027.jpeg,1234.5782,0.0,1297.9799,121.82252,0.0010292958
IMG001043.jpeg,724.8233,1099.3468,770.2674,1152.5634,0.04794835
IMG001043.jpeg,686.6992,1093.4391,771.89825,1162.1534,0.00205749
IMG001050.jpeg,631.0792,1643.6597,878.1859,2005.3809,0.82595867
IMG001050.jpeg,629.8337,1643.764,877.14777,2006.3494,0.65530777
IMG001052.jpeg,837.61865,1180.7354,978.7013,1397.1279,0.010453044
IMG001052.jpeg,499.6493,0.0,1342.6626,966.3606,0.005840108
IMG001057.jpeg,978.4505,1836.2473,1027.7086,1954.6787,0.81704
IMG001057.jpeg,145.47673,1571.2649,274.74472,1739.9719,0.09204681
IMG001057.jpeg,123.45714,0.1076436,173.08694,45.646107,0.01442002
IMG001057.jpeg,75.13657,0.0,170.30627,46.80913,0.006183609
IMG001063.jpeg,616.5254,1316.5707,686.5886,1428.0924,0.7991128
IMG001066.jpeg,1059.1136,1271.3165,1170.716,1439.9993,0.91120553
IMG001066.jpeg,1242.1501,1689.7096,1388.5853,1735.5255,0.005887439
IMG001066.jpeg,1199.3098,1679.0839,1431.148,1736.0,0.0013663878
IMG001071.jpeg,455.62637,379.79868,576.2057,549.55023,0.9353913
IMG001085.jpeg,691.15845,737.01843,809.75366,954.87177,0.6214238
IMG001085.jpeg,632.9894,82.9686,697.0923,306.528,0.4469541
IMG001085.jpeg,616.6322,60.896683,710.9448,314.57205,0.14903885
IMG001085.jpeg,612.3412,41.906315,821.6643,323.13712,0.010182116
IMG001085.jpeg,320.39984,183.32697,395.5747,315.44864,0.008621846
IMG001085.jpeg,311.94687,181.80913,427.15738,335.9146,0.002317038
IMG001085.jpeg,622.45215,4.731659,702.06506,207.43547,0.0016176894
IMG001085.jpeg,630.92645,1.3947502,698.90063,63.504375,0.0013667535
IMG001085.jpeg,650.79865,720.8506,814.0781,1192.1361,0.0010879232
IMG001087.jpeg,306.2467,438.5229,503.7874,866.3822,0.9334847
IMG001087.jpeg,801.9246,379.85507,931.9137,550.1916,0.5712797
IMG001087.jpeg,325.95352,320.4084,478.87872,518.06445,0.074547686
IMG001087.jpeg,809.7604,384.01825,924.5364,546.64215,0.070683345
IMG001087.jpeg,596.9902,0.45692512,1010.27734,157.7527,0.04068329
IMG001087.jpeg,386.31183,338.86615,474.6164,482.7008,0.019718345
IMG001087.jpeg,593.67773,5.666815,1001.5881,95.91302,0.012749257
IMG001087.jpeg,588.22955,339.33563,857.4912,553.90424,0.005648742
IMG001087.jpeg,597.7237,411.29248,752.8995,557.8342,0.0051024123
IMG001087.jpeg,257.0088,5.911568,834.71545,155.94212,0.0017752353
IMG001087.jpeg,243.81407,11.029175,623.3361,173.66953,0.0011569546
IMG001089.jpeg,291.2546,371.40692,798.61926,634.9513,0.20193222
IMG001089.jpeg,589.7655,419.76498,806.4637,863.58234,0.15590468
IMG001089.jpeg,559.82263,392.8049,799.4469,650.7477,0.041912403
IMG001089.jpeg,1004.0055,2527.9624,1054.2996,2637.2803,0.015326217
IMG001089.jpeg,291.9914,394.3906,468.48987,609.37585,0.008815849
IMG001089.jpeg,96.71837,5.775364,501.1702,160.71304,0.0033160138
IMG001089.jpeg,637.98535,415.55402,805.459,651.8203,0.003314829
IMG001089.jpeg,0.0,0.0,57.84415,43.484894,0.0024695974
IMG001089.jpeg,93.7134,3.53508,599.3994,107.11736,0.00223358
IMG001089.jpeg,104.75304,0.0,251.34087,165.11539,0.002187756
IMG001089.jpeg,783.1232,2683.2114,1026.865,2778.7324,0.0013657957
IMG001089.jpeg,1008.1377,2518.4185,1057.8782,2592.964,0.0011328496
IMG001089.jpeg,293.47375,364.4511,802.0322,821.7889,0.0010036693
IMG001096.jpeg,1001.8111,575.8206,1090.0358,705.57513,0.85334295
IMG001110.jpeg,245.13673,1558.9999,803.49884,2267.7742,0.8068626
IMG001110.jpeg,125.09815,1538.7823,817.49255,2642.499,0.020987777
IMG001110.jpeg,640.41425,1770.7714,815.8685,2128.4417,0.0038450928
IMG001114.jpeg,822.74396,1214.315,875.03796,1311.6069,0.75749385
IMG001114.jpeg,820.876,1213.8041,874.00244,1377.0521,0.7065785
IMG001114.jpeg,831.34564,1220.3727,870.4605,1297.6306,0.35370535
IMG001114.jpeg,825.45685,1215.1392,872.43964,1303.2971,0.0077909166
IMG001114.jpeg,735.50714,1618.605,800.11346,1662.1969,0.0020218138
IMG001119.jpeg,1504.6703,1321.5599,2394.4973,2020.6008,0.82198536
IMG001119.jpeg,1498.3265,1294.2323,2694.5774,2169.9775,0.019355275
IMG001133.jpeg,1465.2252,1428.4086,1516.3999,1605.8922,0.5240783
IMG001141.jpeg,955.9328,1257.9575,982.709,1305.1663,0.8197361
IMG001144.jpeg,1294.6528,1201.7489,1325.7411,1275.2197,0.8192024
IMG001144.jpeg,1290.3312,1192.214,1334.1437,1281.1063,0.32837316
IMG001145.jpeg,1101.6011,1732.6971,1258.0394,1934.1074,0.88303256
IMG001145.jpeg,2283.7698,2823.6394,2334.0,2880.3533,0.06793092
IMG001145.jpeg,58.460674,294.1025,646.75964,678.6245,0.003103098
IMG001151.jpeg,1515.8796,696.11786,1582.3289,800.8433,0.4986782
IMG001151.jpeg,1516.1598,658.9999,1673.0778,801.84845,0.0076440186
IMG001151.jpeg,839.9537,1417.9001,888.11816,1502.7722,0.0010925
IMG001153.jpeg,880.65875,1231.984,966.12225,1427.7694,0.82545745
IMG001153.jpeg,897.5286,1323.2402,961.42816,1419.0803,0.22642764
IMG001183.jpeg,1143.4219,825.6843,1997.2714,1541.7719,0.13972063
IMG001183.jpeg,1476.4849,819.488,1576.2153,946.56415,0.017198553
IMG001183.jpeg,1459.7408,808.2218,1593.886,1029.8622,0.004334847
IMG001183.jpeg,1477.0319,820.3619,1577.8407,946.80005,0.003724841
IMG001183.jpeg,1712.1979,880.0752,1837.714,1029.3264,0.0013005993
IMG001207.jpeg,514.6986,445.60562,1011.0023,938.2164,0.97471434
IMG001209.jpeg,441.8921,355.95746,894.2625,701.2077,0.5093521
IMG001209.jpeg,438.81897,353.8651,904.88403,847.7809,0.0046177334
IMG001209.jpeg,429.5346,353.94363,897.14197,741.23,0.002624321
IMG001218.jpeg,827.7006,1490.3153,889.76495,1575.1051,0.8407701
IMG001218.jpeg,820.32526,1477.7164,902.77686,1585.0349,0.0032372507
IMG001226.jpeg,1248.5927,1594.9148,1356.0508,1738.8606,0.7365786
IMG001226.jpeg,1260.189,1631.5464,1351.9093,1732.4216,0.055423
IMG001226.jpeg,162.56476,626.70593,961.3451,1735.703,0.0013307185
IMG001264.jpeg,892.03784,427.54694,1094.2806,625.714,0.8690856
IMG001264.jpeg,1353.22,1850.4539,1424.3268,1920.4557,0.0037036866
IMG001270.jpeg,1424.9167,749.49994,1492.8217,824.1245,0.3085893
IMG001270.jpeg,1434.6929,761.9193,1484.8386,815.1457,0.18565209
IMG001276.jpeg,1112.5326,1644.8796,1167.5974,1720.8663,0.10865944
IMG001276.jpeg,1091.5635,1646.1423,1164.4661,1734.3234,0.01564514
IMG001276.jpeg,501.98514,924.48987,1600.2941,1459.946,0.008850851
IMG001276.jpeg,954.227,1085.1968,1599.1395,1450.9602,0.0037550817
IMG001276.jpeg,427.4456,2329.7793,502.50616,2359.5415,0.0018999984
IMG001276.jpeg,253.52637,2311.7207,385.6518,2363.0,0.0011399064
IMG001285.jpeg,720.5479,1852.8153,879.27313,2116.6282,0.7180877
IMG001285.jpeg,1307.7985,617.13763,1373.7339,703.4998,0.63076174
IMG001285.jpeg,1296.9644,603.88165,1381.6841,716.5413,0.42512804
IMG001285.jpeg,729.8661,1872.0005,863.8794,2104.7705,0.021232374
IMG001286.jpeg,731.06604,1225.0815,870.7786,1432.6025,0.07691861
IMG001286.jpeg,722.5724,1208.1115,880.9457,1444.799,0.0048499205
IMG001286.jpeg,702.00903,1070.2102,870.0449,1412.7341,0.0037825995
IMG001286.jpeg,726.69116,1225.478,863.94025,1403.9315,0.0034134486
IMG001286.jpeg,716.8546,1138.878,877.0511,1441.7822,0.0022586088
IMG001291.jpeg,704.55237,1094.4646,757.14514,1171.443,0.86926574
IMG001291.jpeg,820.41125,2149.3862,845.9193,2214.7168,0.0011043367
IMG001300.jpeg,334.2653,1397.2782,455.2717,1613.8298,0.8496053
IMG001300.jpeg,857.64667,1653.4,910.4352,1727.5603,0.0012886274
IMG001300.jpeg,335.59436,1515.3391,414.8534,1612.8319,0.0012512386
IMG001304.jpeg,840.2992,964.7956,910.38367,1053.9116,0.32975942
IMG001304.jpeg,830.35785,955.93713,957.76294,1069.6399,0.09379093
IMG001304.jpeg,828.4118,956.3429,960.9235,1138.6387,0.0058941855
IMG001304.jpeg,838.30054,962.8101,910.2069,1053.2212,0.0030591763
IMG001304.jpeg,14.872594,583.24896,88.90248,726.3221,0.0018033998
IMG001307.jpeg,650.3928,1062.7021,714.1924,1159.0312,0.336938
IMG001307.jpeg,653.12415,1065.6077,712.8002,1158.4558,0.046711538
IMG001307.jpeg,628.5001,1065.3613,865.9138,1324.4016,0.009931724
IMG001311.jpeg,1768.4673,1242.5723,1853.2678,1357.1036,0.85450315
IMG001312.jpeg,866.3387,1110.5172,925.7397,1183.6289,0.8801312
IMG001312.jpeg,1020.8468,1188.908,1105.8531,1274.5797,0.027649937
IMG001315.jpeg,623.06024,281.80243,806.1483,485.44104,0.85676014
IMG001315.jpeg,611.4217,274.1809,816.34894,497.22937,0.21747722
IMG001322.jpeg,474.95663,1417.342,511.69833,1485.4641,0.49071947
IMG001322.jpeg,1915.4381,1437.6558,1952.7439,1511.0364,0.04482646
IMG001322.jpeg,468.29016,1418.6293,518.50867,1502.1458,0.011242122
IMG001322.jpeg,2237.265,1643.3593,2281.5178,1754.1421,0.008823727
IMG001322.jpeg,889.9572,1494.7705,933.93,1591.5309,0.0012519391
IMG001325.jpeg,289.77032,712.14905,370.51443,907.2199,0.5002763
IMG001325.jpeg,300.70398,719.41296,350.14865,896.54425,0.32495967
IMG001325.jpeg,777.7168,2119.9626,812.1964,2193.8567,0.024921084
IMG001325.jpeg,304.16403,720.84344,358.84714,875.1514,0.012837477
IMG001325.jpeg,963.0768,2516.3726,1004.27454,2578.6636,0.0019648962
IMG001326.jpeg,778.7534,1022.7562,827.34454,1178.9729,0.8119744
IMG001326.jpeg,769.2227,1016.0023,839.50354,1201.1862,0.787866
IMG001335.jpeg,952.5961,1053.9677,1024.0757,1303.2949,0.7678867
IMG001335.jpeg,952.0294,1195.3716,1023.8898,1304.3373,0.15727647
IMG001335.jpeg,943.19244,1056.8689,1034.2461,1296.918,0.11694644
IMG001335.jpeg,1018.1389,2193.5203,1174.4076,2303.0,0.004391213
IMG001335.jpeg,996.3201,2249.4033,1169.2415,2303.0,0.002125748
IMG001337.jpeg,1265.9554,406.0404,1313.1849,482.51816,0.6372976
IMG001337.jpeg,1274.9614,412.745,1307.9196,472.4332,0.35678077
IMG001337.jpeg,1240.3381,406.59558,1311.6447,497.06357,0.029749082
IMG001344.jpeg,410.2079,681.003,484.1787,894.69714,0.84273994
IMG001344.jpeg,818.645,1354.1154,853.6106,1429.0612,0.8030497
IMG001345.jpeg,563.47864,1584.7538,600.60675,1665.4994,0.74395704
IMG001350.jpeg,270.2688,659.1822,452.66476,924.12915,0.84093386
IMG001350.jpeg,267.59784,448.72565,455.09393,939.89435,0.17192915
IMG001355.jpeg,427.96353,550.8018,690.3926,892.1779,0.73713666
IMG001355.jpeg,427.90973,548.931,690.25775,893.27094,0.60226357
IMG001363.jpeg,0.0,85.01974,228.33191,604.6265,0.003968634
IMG001376.jpeg,105.42645,782.3165,569.11993,971.1488,0.3456276
IMG001376.jpeg,62.43265,553.25775,637.6411,1002.0188,0.08780419
IMG001376.jpeg,79.35829,751.21375,748.1451,993.4546,0.020908868
IMG001377.jpeg,577.9858,305.81955,1035.4993,807.1824,0.77137256
IMG001377.jpeg,543.6467,279.88058,1051.647,1065.6975,0.007953266
IMG001377.jpeg,173.65569,522.4292,381.6266,766.15594,0.0053382455
IMG001377.jpeg,682.5542,463.5846,936.90063,1285.0077,0.005335952
IMG001377.jpeg,591.5543,358.71585,948.3243,1177.0756,0.0023290396
IMG001382.jpeg,105.21043,574.4198,218.6536,702.81,0.87536967
IMG001382.jpeg,628.32043,576.57983,777.8976,826.5177,0.5038419
IMG001382.jpeg,635.59485,587.5349,759.1319,731.4617,0.4467569
IMG001383.jpeg,582.1322,521.0697,665.3178,629.66187,0.9266482
IMG001383.jpeg,667.7929,550.50525,764.30347,671.69244,0.8608922
IMG001383.jpeg,204.67601,520.8757,306.46368,612.8494,0.68638426
IMG001383.jpeg,150.75217,510.2586,205.44766,612.5898,0.66866183
IMG001383.jpeg,776.52045,233.6185,798.00653,254.16248,0.003357829
IMG001383.jpeg,644.6124,275.12717,684.4825,311.61206,0.0015440484
IMG001386.jpeg,279.97485,430.9816,434.06027,907.8707,0.56265396
IMG001386.jpeg,265.02908,429.044,443.96854,914.3864,0.4926734
IMG001386.jpeg,311.58594,268.3115,389.6513,461.43695,0.01974666
IMG001408.jpeg,120.16931,223.51526,292.178,636.44806,0.87134486
IMG001408.jpeg,417.68607,0.8682436,428.90594,12.577274,0.0061944285
IMG001408.jpeg,0.0,51.7212,6.0667872,64.320984,0.0010241498
IMG001413.jpeg,695.714,1234.8411,762.971,1342.4581,0.657277
IMG001413.jpeg,687.3977,1228.6565,768.3723,1351.0682,0.0018977482
IMG001429.jpeg,1632.9852,362.72507,1793.9609,854.75366,0.79551244
IMG001429.jpeg,1608.3256,349.41818,1819.5668,874.7198,0.5778041
IMG001430.jpeg,559.21466,351.07858,810.9345,640.3144,0.5484871
IMG001430.jpeg,553.47577,336.7399,1095.3323,777.57654,0.0010335117
IMG001436.jpeg,455.77548,375.57294,1059.6621,740.6612,0.64314413
IMG001436.jpeg,524.73145,449.64227,1129.1799,826.97424,0.60751516
IMG001436.jpeg,381.11157,352.7271,902.0141,692.4825,0.05938921
IMG001436.jpeg,781.0857,444.5359,1369.876,1162.0,0.004270255
IMG001437.jpeg,1315.4917,968.15845,1809.2579,1703.1189,0.6140086
IMG001437.jpeg,205.82166,1148.8123,525.40125,1681.5007,0.25951734
IMG001437.jpeg,1312.6027,1192.3127,1693.2517,1697.2572,0.030088115
IMG001437.jpeg,1282.0626,920.6746,1694.6874,1727.1761,0.0012317607
IMG001441.jpeg,99.57989,262.01172,220.1514,632.509,0.23011559
IMG001441.jpeg,120.017654,346.5337,209.3247,618.537,0.035642296
IMG001441.jpeg,117.97182,368.66736,212.4903,750.15283,0.0056812395
IMG001441.jpeg,125.1499,384.8716,204.92374,546.91595,0.0032971997
IMG001452.jpeg,937.8692,2720.5767,1510.4264,3404.923,0.9450693
IMG001452.jpeg,925.0958,2706.7983,1532.4705,3418.0667,0.001724071
IMG001455.jpeg,1617.4287,784.1094,2115.8228,2085.8496,0.28195915
IMG001455.jpeg,1538.0934,870.6543,2189.4111,2142.794,0.025000129
IMG001467.jpeg,385.56683,315.3728,428.78302,401.0738,0.6908812
IMG001467.jpeg,392.5429,322.79953,423.00598,387.65167,0.59063673
IMG001467.jpeg,391.1082,324.20706,424.82715,423.0796,0.4898438
IMG001467.jpeg,382.26694,318.45563,431.2975,441.27527,0.06321959
IMG001467.jpeg,0.0,745.1823,443.26904,1031.0,0.009075405
IMG001468.jpeg,638.54553,968.97614,781.61127,1253.1942,0.9534635
IMG001469.jpeg,1121.335,1551.1747,1309.1125,1860.9044,0.38042846
IMG001469.jpeg,1117.0892,1513.3944,1304.3032,1857.1984,0.18450594
IMG001469.jpeg,1182.5018,1684.1481,1309.7112,1865.2179,0.09529629
IMG001469.jpeg,1146.4922,1610.4376,1302.973,1855.0782,0.027784426
IMG001469.jpeg,1174.8427,1723.8256,1317.0186,1867.2594,0.013411574
IMG001469.jpeg,1109.266,1488.6968,1294.7507,1826.1261,0.00443006
IMG001472.jpeg,680.7905,502.13467,1221.8584,1747.0092,0.01482175
IMG001475.jpeg,677.1707,439.58118,920.1262,1102.6295,0.89993906
IMG001475.jpeg,668.5398,422.90375,933.3974,1121.7438,0.0013482999
IMG001482.jpeg,138.76143,196.3382,526.3989,468.9913,0.8570513
IMG001482.jpeg,129.23277,200.71118,507.17758,513.56024,0.016844116
IMG001482.jpeg,137.90779,221.35631,356.08484,454.91324,0.004428683
IMG001485.jpeg,155.57526,259.54095,254.77518,408.36017,0.5865208
IMG001485.jpeg,156.25232,256.08057,253.84041,408.76645,0.2436717
IMG001485.jpeg,153.23625,250.5563,258.52255,412.58426,0.23477593
IMG001489.jpeg,244.92073,721.0363,406.54312,1022.66486,0.3320162
IMG001489.jpeg,243.57497,720.6451,408.25714,1025.0502,0.0037945495
IMG001489.jpeg,327.3372,962.63196,392.61978,1029.8628,0.0021001934
IMG001489.jpeg,228.51726,707.16406,421.97803,1038.9873,0.0020009382
IMG001500.jpeg,786.9133,469.1704,970.50287,749.69183,0.63717014
IMG001500.jpeg,792.0398,473.61874,934.54926,743.6948,0.3405854
IMG001500.jpeg,525.64996,143.08795,585.7587,248.47542,0.004908719
IMG001511.jpeg,197.98016,341.23608,469.7336,629.06635,0.96330154
IMG001511.jpeg,185.97081,315.40848,760.4896,801.97675,0.006951451
IMG001512.jpeg,546.0708,639.6999,623.59686,745.2444,0.0015594689
IMG001513.jpeg,384.973,531.08057,635.9321,651.6148,0.0011584582
IMG001518.jpeg,810.0571,613.72644,948.0569,909.92505,0.7264521
IMG001518.jpeg,822.43835,633.67285,931.9517,891.39795,0.028177017
IMG001527.jpeg,800.311,192.0332,1654.8384,1289.169,0.95485103
IMG001527.jpeg,495.36145,1846.5594,1319.584,2626.7842,0.9455446
IMG001527.jpeg,1165.6927,187.93634,1372.6318,538.58887,0.004029771
IMG001536.jpeg,569.3007,1015.56396,843.5419,1262.0146,0.85067457
IMG001536.jpeg,563.3505,1009.30945,853.5599,1271.8456,0.7705387
IMG001537.jpeg,430.89532,1026.8365,727.0982,1285.1602,0.8989301
IMG001537.jpeg,432.48508,1026.7462,727.0022,1288.0162,0.6698777
IMG001557.jpeg,1156.3544,1418.8505,1301.1964,1662.0415,0.045105338
IMG001557.jpeg,1154.0544,1427.9012,1307.6998,1662.9996,0.0033431037
IMG001557.jpeg,619.96686,1128.9379,769.3036,1511.0696,0.0019918508
IMG001568.jpeg,905.95844,1303.5093,1135.8518,1441.788,0.92483985
IMG001568.jpeg,956.9195,1346.6261,1138.5343,1441.0664,0.2979806
IMG001568.jpeg,684.95215,1.0016732,738.1996,29.614622,0.0049652834
IMG001568.jpeg,696.33606,1.3806539,753.1442,30.699762,0.003113777
IMG001568.jpeg,667.0509,0.10573198,720.25653,29.975754,0.0029250598
IMG001568.jpeg,879.5754,1.461087,933.03906,28.570452,0.0010242162
IMG001572.jpeg,57.66251,219.90172,335.89273,536.1461,0.38205263
IMG001572.jpeg,19.235664,584.6239,180.61517,820.0,0.004600752
IMG001580.jpeg,106.955696,222.61217,209.82132,300.96677,0.0010379807
IMG001598.jpeg,169.46703,220.40817,382.91385,674.8342,0.4010231
IMG001598.jpeg,165.5219,219.27455,383.64642,671.9487,0.032491196
IMG001598.jpeg,200.04227,217.71877,389.7241,482.69922,0.025950572
IMG001598.jpeg,200.07376,223.26239,346.44214,418.52283,0.005513401
IMG001599.jpeg,440.422,115.84152,717.2361,438.09628,0.43180925
IMG001599.jpeg,438.5467,114.15105,717.9401,438.83432,0.3368168
IMG001599.jpeg,440.0475,116.98157,718.0038,437.1889,0.25593826
IMG001599.jpeg,442.03888,117.34945,717.19653,438.39294,0.16874884
IMG001599.jpeg,429.2729,105.16204,738.369,450.3715,0.040151104
IMG001603.jpeg,229.8575,262.28934,343.81998,414.69608,0.31340215
IMG001603.jpeg,163.98947,264.36734,343.78152,408.91986,0.043543473
IMG001603.jpeg,221.31525,266.58127,340.26935,411.3736,0.020038623
IMG001603.jpeg,464.9876,649.71857,498.0054,689.46875,0.0105282115
IMG001606.jpeg,103.598045,558.0403,123.2777,603.4397,0.8424517
IMG001606.jpeg,100.77105,555.9308,126.588806,630.3155,0.7938503
IMG001606.jpeg,195.66995,526.05524,227.99344,614.981,0.6876001
IMG001606.jpeg,313.39847,504.30728,452.68982,612.3069,0.65358835
IMG001606.jpeg,310.4235,545.154,350.42065,615.89594,0.5927345
IMG001606.jpeg,419.20737,507.88034,455.76007,610.22205,0.45998746
IMG001606.jpeg,392.84634,502.90622,457.73648,611.903,0.38931182
IMG001606.jpeg,100.29191,521.146,227.9657,633.167,0.27627847
IMG001606.jpeg,419.80878,550.6057,455.25418,609.8313,0.1298742
IMG001606.jpeg,429.27435,559.86615,455.77655,611.3624,0.06465911
IMG001606.jpeg,432.44003,565.58746,452.51865,605.44403,0.05923897
IMG001606.jpeg,310.66617,531.5482,370.1392,616.2897,0.014571839
IMG001606.jpeg,186.20642,522.00684,235.77853,619.607,0.008637388
IMG001606.jpeg,191.49263,547.9258,236.24643,631.8717,0.006248876
IMG001606.jpeg,92.30948,21.131407,183.47136,132.91495,0.002652923
IMG001606.jpeg,93.0318,101.4359,110.43252,120.9734,0.0018912067
IMG001606.jpeg,311.55545,506.00125,386.0754,615.6277,0.0017226073
IMG001606.jpeg,95.728264,103.56503,108.739716,118.50512,0.001716095
IMG001626.jpeg,160.4918,258.3611,285.78586,452.56934,0.068172306
IMG001642.jpeg,626.27216,45.72432,931.8683,359.5489,0.93899155
IMG001642.jpeg,29.284864,590.2818,354.66287,788.57715,0.9046931
IMG001642.jpeg,88.051796,157.08289,391.24496,387.14795,0.83884335
IMG001642.jpeg,773.5696,607.9926,969.1909,768.7254,0.82563627
IMG001642.jpeg,877.3366,46.205307,919.25604,192.48956,0.05818161
IMG001642.jpeg,880.0063,47.821457,916.4873,142.22748,0.041798852
IMG001642.jpeg,885.56305,53.099823,911.7728,165.57481,0.008983127
IMG001642.jpeg,671.32855,49.873783,724.3159,138.62735,0.003405775
IMG001642.jpeg,316.99344,160.31664,395.77756,320.41574,0.001450193
IMG001642.jpeg,661.1477,561.66516,716.43335,655.77527,0.0011792476
IMG001652.jpeg,192.59831,77.729385,349.05075,345.75626,0.9951368
IMG001664.jpeg,192.88742,547.15216,276.56985,695.0713,0.8993133
IMG001664.jpeg,637.2445,531.1044,759.0008,721.5764,0.87146175
IMG001664.jpeg,334.53265,482.50302,382.9736,569.826,0.6715303
IMG001664.jpeg,349.06494,522.199,381.93802,569.9762,0.33708185
IMG001664.jpeg,774.5429,513.4713,809.3542,596.9352,0.22719678
IMG001664.jpeg,775.5535,552.5827,808.9542,598.01117,0.07067241
IMG001664.jpeg,642.2894,509.39032,807.56104,658.65845,0.0113751395
IMG001664.jpeg,195.10017,512.8754,376.45697,701.49255,0.0031913132
IMG001666.jpeg,167.58754,237.0612,185.67514,281.36118,0.81248415
IMG001666.jpeg,140.11694,421.6136,301.3909,566.87714,0.4508682
IMG001666.jpeg,269.5788,525.0838,300.88562,567.0518,0.32099152
IMG001666.jpeg,137.41454,471.08154,170.89928,576.80035,0.035326507
IMG001666.jpeg,278.03375,532.34924,301.2452,568.99225,0.003693162
IMG001666.jpeg,160.682,234.91878,187.5991,286.46875,0.0019658417
IMG001681.jpeg,110.762215,565.1127,256.96057,792.04785,0.6507625
IMG001681.jpeg,103.830765,561.2774,261.5737,795.6953,0.5406747
IMG001681.jpeg,93.71158,489.68457,282.92804,826.1738,0.0075824894
IMG001681.jpeg,465.17303,229.27911,486.91077,253.49007,0.003911623
IMG001690.jpeg,192.6432,171.86067,388.31644,484.31903,0.71821594
IMG001690.jpeg,225.618,285.49548,403.80887,691.0,0.021688877
IMG001690.jpeg,227.76538,168.47241,386.51706,393.9683,0.0010263124
IMG001695.jpeg,180.6944,41.874237,333.08868,494.16724,0.8045817
IMG001695.jpeg,173.54897,31.356506,316.85504,362.0247,0.44251266
IMG001695.jpeg,573.82886,229.65973,632.12756,465.84784,0.35912046
IMG001695.jpeg,180.91458,32.04525,298.62042,363.29547,0.35383564
IMG001695.jpeg,478.2451,0.0,521.5912,27.341215,0.072905496
IMG001695.jpeg,260.30276,763.4606,617.82855,1142.3817,0.027815042
IMG001695.jpeg,434.65417,770.985,623.1906,1134.3763,0.011585081
IMG001695.jpeg,256.57654,204.34875,632.681,515.5911,0.007447499
IMG001695.jpeg,513.5604,3.5488749,576.17316,55.14498,0.004937807
IMG001695.jpeg,486.64282,1.3495779,557.1305,48.994057,0.0029691206
IMG001695.jpeg,480.51453,0.15111923,534.98914,37.74474,0.0018732463
IMG001704.jpeg,742.8642,931.0688,827.39844,1114.0614,0.9452168
IMG001709.jpeg,734.82434,259.98883,818.2213,384.67712,0.897475
IMG001709.jpeg,728.5513,252.36987,824.70056,390.6171,0.15026747
IMG001709.jpeg,386.2008,1150.6019,427.51114,1191.977,0.0014368246
IMG001710.jpeg,783.53033,193.68408,829.7906,259.753,0.21935548
IMG001710.jpeg,779.406,187.53908,833.927,262.59668,0.0019243951
IMG001713.jpeg,132.21243,233.23996,276.44742,439.48254,0.21135643
IMG001713.jpeg,130.16325,229.97981,279.36368,443.05762,0.0968071
IMG001713.jpeg,324.44653,81.88434,342.87457,105.57318,0.024608795
IMG001713.jpeg,132.4249,224.95007,283.55243,524.71796,0.0035327072
IMG001726.jpeg,220.31798,434.74994,338.5081,460.7101,0.0534937
IMG001726.jpeg,180.03314,255.64943,216.34814,339.6674,0.050574083
IMG001726.jpeg,227.02905,417.86752,335.55627,461.0,0.0024417476
IMG001726.jpeg,250.145,438.38925,352.3734,460.8179,0.0015391404
IMG001726.jpeg,180.74757,255.55608,216.2579,339.03052,0.0014582562
IMG001730.jpeg,509.0918,897.8253,554.8242,969.7752,0.90190184
IMG001733.jpeg,124.974915,165.35156,213.03844,260.11618,0.9449622
IMG001746.jpeg,349.71713,189.9298,477.4223,323.38852,0.7860413
IMG001747.jpeg,416.5547,501.58975,508.99112,622.3925,0.66068846
IMG001747.jpeg,409.8874,497.80823,512.79913,628.64355,0.22119991
IMG001747.jpeg,415.5261,502.5396,508.42105,622.5303,0.07848104
IMG001747.jpeg,0.0,636.8503,286.81888,945.4885,0.025805028
IMG001747.jpeg,642.5658,611.65936,948.65784,748.35693,0.00229359
IMG001750.jpeg,553.7751,61.932976,659.8103,229.23996,0.73939985
IMG001750.jpeg,546.1435,55.31569,670.266,234.55826,0.029492222
IMG001750.jpeg,470.32397,634.0582,545.30054,723.5373,0.020791749
IMG001754.jpeg,257.38864,432.23682,296.586,486.43262,0.8929991
IMG001754.jpeg,260.1442,433.54688,294.43057,482.59393,0.046545982
IMG001756.jpeg,513.94336,272.82138,634.8154,436.57916,0.0012343145
IMG001767.jpeg,472.87134,272.663,483.60757,294.00046,0.11953616
IMG001767.jpeg,470.17633,270.99365,485.59952,296.45053,0.013633417
IMG001767.jpeg,316.096,2.7606373,328.5843,26.183472,0.0027856526
IMG001775.jpeg,233.3382,70.29932,364.6918,334.4977,0.81841725
IMG001775.jpeg,222.08682,66.61417,370.3795,342.05286,0.18256183
IMG001777.jpeg,554.6162,424.80652,581.42834,455.5574,0.2557096
IMG001777.jpeg,546.97656,417.47784,584.50574,459.60416,0.14407316
IMG001778.jpeg,345.90674,358.2681,479.18198,485.90903,0.9016811
IMG001778.jpeg,345.30557,357.90906,478.8933,488.19153,0.22930786
IMG001793.jpeg,450.40887,433.205,718.9048,757.0157,0.91958994
IMG001793.jpeg,659.4544,920.5709,885.3514,1109.4438,0.003486549
IMG001801.jpeg,189.50058,261.19482,260.40643,397.7355,0.9353757
IMG001810.jpeg,685.3447,361.85986,931.252,637.5338,0.9375172
IMG001810.jpeg,681.67114,348.4439,948.8444,788.8516,0.06631862
IMG001814.jpeg,189.13673,289.5575,548.5303,697.0862,0.85586655
IMG001819.jpeg,563.9455,139.86725,665.5527,304.96457,0.3540882
IMG001819.jpeg,586.0641,505.63016,617.51404,549.33813,0.0010401688
IMG001830.jpeg,317.12302,799.7707,375.56757,900.9221,0.014621075
IMG001830.jpeg,314.92386,789.22205,378.02316,848.054,0.011103007
IMG001830.jpeg,313.0002,786.7024,383.06036,849.8953,0.0037267562
IMG001841.jpeg,79.71124,321.7057,234.02673,568.5818,0.45619467
IMG001841.jpeg,92.33513,329.94635,225.3404,558.36096,0.3589023
IMG001841.jpeg,436.5723,956.06537,455.41333,982.1005,0.023482058
IMG001841.jpeg,437.03906,959.5349,468.01556,983.44727,0.0030409214
IMG001841.jpeg,319.05676,0.48535585,364.79974,23.90578,0.0013007115
IMG001848.jpeg,261.24503,310.08316,336.73553,471.8053,0.9254711
IMG001854.jpeg,161.2665,310.55374,308.9931,527.71716,0.92973024
IMG001854.jpeg,124.22257,301.8342,330.75766,591.3789,0.0010942703
IMG001862.jpeg,265.9534,350.81537,349.15897,477.17004,0.7763462
IMG001862.jpeg,612.0686,820.3196,749.7875,1039.3234,0.573531
IMG001862.jpeg,257.82532,330.3448,355.28183,485.80478,0.44488674
IMG001862.jpeg,510.55725,750.2241,608.84314,933.4843,0.006418748
IMG001878.jpeg,245.85028,283.69745,276.9207,362.51282,0.0014290151
IMG001879.jpeg,388.44855,1462.3757,452.43256,1482.7886,0.003219984
IMG001883.jpeg,777.2015,540.2916,790.2721,559.367,0.0017841256
IMG001909.jpeg,822.34955,1406.6134,913.30634,1491.1843,0.004310869
IMG001922.jpeg,702.0318,1571.8063,758.2693,1645.2919,0.006466853
IMG001922.jpeg,817.0396,2032.8562,868.8704,2094.9385,0.0052709826
IMG001928.jpeg,908.27185,1700.1881,1430.5278,1876.0,0.0028599314
IMG001929.jpeg,722.9844,1415.5214,750.1242,1463.0643,0.0231078
IMG001929.jpeg,698.95465,1653.689,1185.4131,1863.0,0.012855377
IMG002004.jpeg,442.1244,2996.1714,580.04974,3055.11,0.002965997
IMG002021.jpeg,1076.38,2764.3032,1146.4353,2908.528,0.018198263
IMG002027.jpeg,475.99704,918.1922,576.79895,1022.0768,0.0040391306
IMG002037.jpeg,1534.4452,1045.46,1560.0828,1108.6451,0.0428641
IMG002037.jpeg,1527.1727,1037.5558,1569.5103,1112.9933,0.018790796
IMG002050.jpeg,17.887436,1134.6089,386.12073,1645.4979,0.0018153103
IMG002050.jpeg,967.2272,813.1379,1221.3228,1201.2786,0.0010771485
IMG002054.jpeg,711.75494,735.9714,1089.7144,929.99774,0.7873635
IMG002054.jpeg,425.58157,625.72,657.75397,827.8381,0.0076029766
IMG002055.jpeg,1004.23486,845.54724,1309.3656,1318.3197,0.0028287072
IMG002068.jpeg,2016.1754,1969.0156,2061.2185,2157.8975,0.05416562
IMG002068.jpeg,1548.9562,1672.4061,1593.2483,1774.7725,0.003367811
IMG002085.jpeg,194.9333,652.93134,345.35364,762.8856,0.0017049382
IMG002142.jpeg,55.19504,0.0,598.39856,766.8404,0.0011290332
IMG002160.jpeg,1125.0231,583.47736,1508.9266,998.09796,0.045110762
IMG002160.jpeg,753.28107,767.57007,956.0303,1042.387,0.024762968
IMG002160.jpeg,767.1083,845.33246,879.50977,1032.274,0.020145705
IMG002160.jpeg,762.7852,774.3949,949.02905,1036.4047,0.009616607
IMG002163.jpeg,924.56573,897.3894,989.9332,1016.9186,0.010153341
IMG002163.jpeg,1049.062,1326.3326,1146.6458,1408.3606,0.008825413
IMG002163.jpeg,1229.1274,835.6919,1299.2887,941.8353,0.001875981
IMG002178.jpeg,760.594,1526.4359,1780.4562,2020.3937,0.002781384
IMG002185.jpeg,874.26685,827.5116,926.2145,886.33374,0.002291
IMG002185.jpeg,868.4347,824.70135,926.43115,924.2114,0.0014290635
IMG002185.jpeg,946.5733,1449.5483,977.47473,1506.6399,0.0010403219
IMG002191.jpeg,598.11395,401.59448,1014.62213,915.78326,0.4744363
IMG002191.jpeg,1576.7053,2469.1255,1631.8997,2578.2166,0.00750852
IMG002196.jpeg,1557.585,1202.5527,1619.4891,1310.2676,0.13512394
IMG002196.jpeg,1564.4103,1212.4539,1612.7224,1303.6323,0.06639485
IMG002196.jpeg,1558.5397,1205.2368,1618.2372,1309.6681,0.018069416
IMG002197.jpeg,1466.83,1770.2,1539.1746,1839.9512,0.0032588774
IMG002202.jpeg,1068.8075,2051.9297,2448.0,3032.0,0.0011169655
IMG002206.jpeg,1969.7107,1129.9905,2056.2258,1190.7416,0.0011098508
IMG002207.jpeg,1012.1915,1943.361,1044.0183,2020.5482,0.019110614
IMG002207.jpeg,1010.70386,1910.2977,1041.3993,1993.8379,0.002139579
IMG002232.jpeg,420.24155,130.81244,486.41782,225.62788,0.002853089
IMG002232.jpeg,419.70496,126.20555,528.42267,225.01746,0.0013296227
IMG002239.jpeg,0.0,1195.5613,1110.9739,2179.9043,0.0011265755
IMG002239.jpeg,0.0,1447.7506,1097.2146,2209.305,0.00112053
IMG002241.jpeg,1071.6995,1712.2698,1144.2314,1800.1552,0.14366549
IMG002241.jpeg,1043.8134,1712.8036,1805.0,2454.0,0.002741312
IMG002241.jpeg,1071.4017,1716.97,1140.6255,1800.3955,0.0026301902
IMG002241.jpeg,1072.3633,1717.702,1141.7655,1804.267,0.0025093881
IMG002241.jpeg,800.66797,524.1454,1309.1602,974.18854,0.0022980594
IMG002243.jpeg,1002.55426,915.51215,1361.99,1272.7439,0.54917526
IMG002243.jpeg,1152.1353,758.34924,1410.784,964.48035,0.48707667
IMG002243.jpeg,1151.7068,755.7936,1407.1525,965.6379,0.017457405
IMG002243.jpeg,1515.724,815.49146,1791.0447,1275.2949,0.0044075768
IMG002244.jpeg,1705.3279,1370.4694,1898.5978,1669.2844,0.06399637
IMG002258.jpeg,770.74567,574.2079,810.36554,626.27264,0.002133853
IMG002266.jpeg,1383.8931,2746.9575,1552.0375,2974.9724,0.0076551097
IMG002266.jpeg,1376.631,2728.3904,1577.2684,2976.8486,0.0019442525
IMG002268.jpeg,0.0,1922.3119,1245.3516,3024.9163,0.035386097
IMG002268.jpeg,609.3779,2991.1807,846.0213,3047.0,0.0101783965
IMG002268.jpeg,608.2175,3005.6743,822.7968,3047.0,0.0010993169
IMG002286.jpeg,1054.9648,513.2327,1131.1268,621.3937,0.0013836478
IMG002333.jpeg,1374.4167,2061.8193,1401.4156,2137.515,0.005166755
IMG002333.jpeg,1380.028,2057.9976,1409.4608,2142.3513,0.0011543258
IMG002344.jpeg,577.0579,2344.867,720.8833,2569.357,0.0017340528
IMG002344.jpeg,46.075565,1943.569,205.753,2557.5173,0.001210288
IMG002356.jpeg,786.8945,464.26193,981.2076,589.6077,0.0010463569
IMG002360.jpeg,401.4317,925.0423,436.47327,960.7043,0.007995124
IMG002360.jpeg,397.7165,923.2683,434.35538,961.2721,0.0024838157
IMG002364.jpeg,743.9076,1967.1083,804.2828,2126.474,0.09363187
IMG002364.jpeg,766.2501,1968.6072,837.1205,2231.3855,0.08869233
IMG002364.jpeg,740.13696,1960.2152,816.50085,2182.5688,0.043817587
IMG002364.jpeg,744.9047,1968.7291,800.50183,2050.5298,0.021080432
IMG002364.jpeg,738.2842,1964.3949,862.71747,2235.8396,0.012988358
IMG002444.jpeg,936.3681,1197.495,969.6815,1294.3685,0.07173433
IMG002444.jpeg,940.2288,1201.2313,971.0227,1285.5726,0.017937167
IMG002444.jpeg,936.30914,1196.9111,968.8638,1298.9299,0.0026652275
IMG002487.jpeg,779.19745,905.9593,842.8555,1061.3086,0.011931582
IMG002490.jpeg,518.48804,879.5251,579.76025,1027.2217,0.0012493273
IMG002502.jpeg,865.88727,1.8286822,916.035,70.91739,0.019093245
IMG002502.jpeg,846.8207,7.5384445,918.8884,58.697037,0.007999724
IMG002502.jpeg,817.2954,6.6752496,916.1752,72.00611,0.002024733
IMG002543.jpeg,653.12024,522.5241,687.82227,606.0005,0.01583511
IMG002577.jpeg,1560.1774,509.25714,1606.8789,596.07715,0.25012743
IMG002580.jpeg,176.07693,769.3419,836.133,1288.643,0.0023328355
IMG002594.jpeg,981.90906,1653.2147,1035.7448,1710.8824,0.001959316
IMG002594.jpeg,0.0,0.0,1069.5969,1407.62,0.0015472127
IMG002611.jpeg,284.0473,412.15912,385.42123,526.7051,0.009412817
IMG002611.jpeg,0.0,2238.4094,1386.6381,3032.0,0.0033786204
IMG002611.jpeg,252.2003,409.9354,363.2637,528.1337,0.0032576136
IMG002615.jpeg,566.85315,678.16956,690.94904,921.56036,0.028241305
IMG002615.jpeg,1081.0105,2510.42,1195.8406,2715.856,0.0012874078
IMG002625.jpeg,1505.0492,936.23846,1543.4707,1009.0157,0.0012902865
IMG002648.jpeg,773.1158,713.86273,911.34216,847.8207,0.005203485
IMG002648.jpeg,752.5898,716.28644,1170.0096,1003.74005,0.0024819605
IMG002648.jpeg,764.88464,712.8087,912.8485,921.844,0.0016336964
IMG002672.jpeg,1067.7498,2560.0789,1104.563,2686.9731,0.003956948
IMG002684.jpeg,55.235653,812.659,562.4074,2153.69,0.003373738
IMG002684.jpeg,66.14896,793.43317,558.6197,2162.5085,0.0026415836
IMG002684.jpeg,64.42492,783.32196,566.69745,2148.2146,0.001978642
IMG002694.jpeg,1336.0128,686.0954,1432.8115,734.754,0.0016855459
IMG002733.jpeg,951.40765,1104.917,976.33704,1141.0457,0.60298723
IMG002733.jpeg,568.8271,1448.2062,615.3504,1465.9514,0.0013669708
IMG002733.jpeg,57.69102,1331.139,99.3237,1380.454,0.0012286087
IMG002752.jpeg,1213.4602,395.50452,1304.7284,487.35538,0.003907545
IMG002761.jpeg,794.34106,1475.8623,884.12244,1554.7671,0.0037036617
IMG002761.jpeg,798.3859,1478.6837,879.95825,1547.3557,0.0015629549
IMG002788.jpeg,910.41205,1268.7731,953.03644,1353.3822,0.40287265
IMG002788.jpeg,923.68274,1189.7996,957.09564,1345.1115,0.002972027
IMG002788.jpeg,19.980448,635.80597,444.40176,1891.2445,0.0016012395
IMG002788.jpeg,784.3319,1157.194,852.9474,1266.5061,0.001598681
IMG002793.jpeg,1159.0477,297.49554,1198.3344,385.81577,0.0018475736
IMG002803.jpeg,917.69403,1537.9766,960.2139,1605.3704,0.0034872682
IMG002804.jpeg,898.8816,1099.241,947.0311,1162.7561,0.0012057475
IMG002806.jpeg,587.6895,1302.6129,635.7145,1393.9656,0.003443637
IMG002806.jpeg,1164.5703,3308.873,1580.7042,3406.595,0.0018642659
IMG002816.jpeg,1363.7352,1125.6825,1477.7653,1204.6935,0.01184666
IMG002816.jpeg,830.3607,0.29437658,946.9814,87.857544,0.006183843
IMG002819.jpeg,489.68365,163.04626,787.9094,2019.7374,0.0017712463
IMG002824.jpeg,909.0069,1426.1025,970.3693,1544.3759,0.6307676
IMG002824.jpeg,910.7846,1431.2926,962.4044,1543.1047,0.10052736
IMG002824.jpeg,1235.8184,931.9898,1384.2887,1264.9705,0.037342638
IMG002824.jpeg,902.8207,1422.139,980.85657,1550.0284,0.023570204
IMG002824.jpeg,1227.5548,872.7635,1374.781,1229.3063,0.011838368
IMG002824.jpeg,1212.8605,563.7641,1401.1664,1499.6869,0.0015058761
IMG002824.jpeg,1254.5817,943.149,1381.2155,1225.283,0.0015051013
IMG002824.jpeg,1217.1962,871.63983,1388.1725,1267.673,0.0010345889
IMG002824.jpeg,1254.075,953.16547,1372.7894,1191.8246,0.0010308002
IMG002825.jpeg,727.0133,2276.6626,1237.3943,2389.9136,0.02330183
IMG002825.jpeg,1711.2788,1049.0309,1828.7251,1137.084,0.0029007336
IMG002825.jpeg,1219.5918,895.64154,1361.0308,1194.4233,0.0017316277
IMG002831.jpeg,679.88983,371.2735,763.8438,458.7859,0.012019094
IMG002831.jpeg,679.2996,372.63272,762.3972,459.72937,0.004845897
IMG002849.jpeg,1386.3328,2648.9812,1443.089,2819.8325,0.025786337
IMG002849.jpeg,1217.677,1581.412,1389.2849,1767.5686,0.012621455
IMG002849.jpeg,1210.3678,1579.9824,1388.467,1763.6327,0.0014481159
IMG002850.jpeg,482.6784,514.2306,675.3671,597.12103,0.36753935
IMG002850.jpeg,483.35608,511.8672,704.31067,596.09357,0.16051048
IMG002850.jpeg,479.8119,516.8442,662.40784,592.8312,0.020383554
IMG002850.jpeg,919.4689,1071.6547,957.99945,1128.2627,0.017607193
IMG002850.jpeg,894.9674,808.1308,979.37195,967.2658,0.0011565584
IMG002851.jpeg,641.15765,449.7888,746.7329,669.103,0.032619417
IMG002851.jpeg,554.2752,1031.9562,713.1239,1399.8248,0.001997587
IMG002855.jpeg,667.6517,0.48765802,908.09503,446.85928,0.002060698
IMG002907.jpeg,318.5595,833.5675,468.86816,969.6084,0.23193073
IMG002907.jpeg,318.4177,831.50165,470.5009,972.45526,0.20607159
IMG002908.jpeg,645.5985,470.83936,963.0679,691.99805,0.0010213188
IMG002935.jpeg,802.648,208.03795,822.329,255.15105,0.43039748
IMG002938.jpeg,0.0,1661.1436,1127.1162,2349.054,0.0025769903
IMG003004.jpeg,662.1245,1558.1924,760.32153,1639.2556,0.0010796357
IMG003015.jpeg,1372.0271,396.86053,1490.861,573.679,0.4360443
IMG003039.jpeg,711.70276,1347.6074,737.64575,1382.7787,0.17332646
IMG003039.jpeg,705.75916,1340.9857,739.38544,1386.7347,0.054887645
IMG003050.jpeg,603.7089,216.48003,722.09564,345.6015,0.0013079976
IMG003052.jpeg,516.9493,403.01254,611.19055,580.29156,0.0016428524
IMG003061.jpeg,59.584282,68.83178,173.11752,267.01852,0.0054864013
IMG003061.jpeg,105.288666,89.47167,170.93935,212.88391,0.0027974132
IMG003086.jpeg,0.0,803.30884,496.53198,1050.774,0.0034768046
IMG003091.jpeg,813.1244,1339.1705,890.2859,1416.6536,0.05153578
IMG003091.jpeg,818.7851,1344.3976,886.421,1413.6617,0.015067907
IMG003091.jpeg,813.0451,1343.2162,890.43066,1416.488,0.011087956
IMG003091.jpeg,817.2178,1343.1041,889.5274,1417.007,0.0036229966
IMG003114.jpeg,1719.8132,831.01904,2075.5254,1024.1384,0.12309864
IMG003114.jpeg,2281.3914,762.4646,2796.163,1033.3896,0.001803078
IMG003134.jpeg,626.444,1296.1715,729.66406,1439.9106,0.2382425
IMG003134.jpeg,547.6328,1453.6324,606.46826,1534.6523,0.051462974
IMG003134.jpeg,539.75354,1422.2479,613.93085,1547.187,0.038716633
IMG003134.jpeg,668.43195,1303.7444,729.249,1440.9869,0.012321677
IMG003152.jpeg,885.5098,871.6065,1204.5558,1361.6454,0.007643281
IMG003164.jpeg,713.43463,786.62885,740.73456,845.97144,0.057675347
IMG003164.jpeg,707.36816,785.5772,739.573,846.90106,0.0025122245
IMG003165.jpeg,491.0281,308.42896,693.61957,386.85803,0.066051304
IMG003165.jpeg,489.45374,306.9423,695.80194,386.02625,0.012515013
IMG003187.jpeg,244.9788,2821.5872,309.39694,2891.5598,0.0012462931
IMG003201.jpeg,742.09875,879.78564,829.8852,1019.9131,0.0060054916
IMG003201.jpeg,744.80524,880.66876,825.98395,1021.7248,0.0040786783
IMG003203.jpeg,991.9272,1241.1514,1796.2708,1780.8945,0.0012700744
IMG003203.jpeg,925.6284,1224.8954,1311.6306,1548.3229,0.001243789
IMG003209.jpeg,2543.576,1906.5137,2582.7883,1982.5951,0.44187173
IMG003209.jpeg,2535.7327,1903.101,2594.7803,1994.5878,0.15186855
IMG003209.jpeg,2759.1616,1716.7826,2808.8816,1792.8181,0.10923455
IMG003209.jpeg,649.84845,1116.0234,715.5888,1197.8744,0.08839859
IMG003209.jpeg,2767.4487,1704.893,2812.5237,1811.0037,0.017074069
IMG003209.jpeg,2397.0212,1383.4917,2805.403,1997.0242,0.002714069
IMG003210.jpeg,1269.9865,1618.9978,1316.5087,1689.6177,0.48009324
IMG003210.jpeg,551.09015,1075.8077,803.4085,1454.0023,0.31415984
IMG003210.jpeg,1254.2614,1611.5425,1331.9795,1700.4504,0.20540023
IMG003210.jpeg,1179.4982,1131.65,1444.384,1694.9344,0.0014361455
IMG003210.jpeg,1173.417,1122.3975,1472.1475,1698.6501,0.0014299537
IMG003221.jpeg,509.91534,2574.5122,594.7182,2638.9705,0.0048762737
IMG003223.jpeg,2071.5444,1476.329,2280.5168,1755.2875,0.7190108
IMG003223.jpeg,2055.8057,1465.1417,2419.0469,2085.2664,0.012038094
IMG003223.jpeg,2057.1758,1468.3596,2332.6135,1773.6871,0.003447288
IMG003235.jpeg,1259.8136,244.05513,1305.5626,357.65778,0.002586301
IMG003240.jpeg,288.43057,1531.384,317.00058,1619.5785,0.004042556
IMG003240.jpeg,285.92426,1540.3352,315.55884,1609.9781,0.0024384544
IMG003240.jpeg,707.7632,1780.8759,755.429,1882.4955,0.0011413944
IMG003250.jpeg,2404.4355,1416.166,2909.1157,2285.879,0.02377055
IMG003275.jpeg,214.81126,26.384327,691.8056,520.5536,0.031899158
IMG003275.jpeg,674.72815,383.6349,719.4175,477.56625,0.0025374973
IMG003288.jpeg,849.37445,791.5839,929.32263,972.7597,0.0032947843
IMG003301.jpeg,429.2072,448.78357,525.9499,627.52094,0.0012829743
IMG003317.jpeg,343.93372,715.72815,471.2255,904.0166,0.0016220225
IMG003339.jpeg,632.78564,1200.502,694.2586,1277.9888,0.0532921
IMG003339.jpeg,1098.8427,0.0,1205.8304,74.04225,0.0493282
IMG003339.jpeg,647.8408,1209.9825,687.6185,1269.729,0.0064751636
IMG003358.jpeg,2319.3865,1794.6465,2350.981,1878.2903,0.0052490477
IMG003358.jpeg,637.03467,1818.1091,674.3204,1909.6401,0.0038560247
IMG003358.jpeg,2302.5837,1794.4316,2353.773,1881.2738,0.001027639
IMG003369.jpeg,1037.7664,1287.2654,1156.0728,1463.9814,0.0037299353
IMG003376.jpeg,781.5682,323.19662,896.42035,621.40814,0.03929301
IMG003376.jpeg,522.67,1364.2521,802.87054,1499.7043,0.0010438747
IMG003376.jpeg,513.93146,1372.94,873.7151,1451.1201,0.0010359974
IMG003382.jpeg,532.4559,796.546,648.0994,982.4035,0.0032507807
IMG003388.jpeg,680.78955,1008.1716,754.51666,1092.5178,0.009044899
IMG003388.jpeg,673.5256,1005.47626,764.4548,1124.3275,0.0016000209
IMG003391.jpeg,745.9099,886.8618,795.4498,933.426,0.01431691
IMG003391.jpeg,474.6668,887.85474,567.52057,1010.1145,0.0011304428
IMG003392.jpeg,583.3515,442.08783,632.7368,512.85315,0.0027811734
IMG003398.jpeg,185.28067,1662.9138,678.83154,1864.0,0.13019742
IMG003398.jpeg,204.71536,1671.539,503.10126,1859.5021,0.039389133
IMG003398.jpeg,207.69342,1672.785,475.03854,1855.3417,0.0045690993
IMG003405.jpeg,243.4268,10.426288,372.27344,202.80391,0.32592228
IMG003405.jpeg,243.70111,23.134884,361.42102,195.57039,0.018651664
IMG003405.jpeg,444.20242,2233.4385,773.3768,2568.1426,0.001329796
IMG003411.jpeg,565.5261,5.541707,829.8385,137.52145,0.007545634
IMG003411.jpeg,594.2602,4.4189053,902.157,162.26346,0.006092781
IMG003411.jpeg,611.1198,2826.2837,756.09924,2854.4868,0.0018643467
IMG003411.jpeg,1010.75836,699.513,1608.0,2283.5427,0.00134554
IMG003417.jpeg,1850.8353,1518.6641,1968.3044,1702.5767,0.00130862
IMG003418.jpeg,1998.501,458.07205,2679.209,920.6501,0.01925703
IMG003418.jpeg,2314.1343,1132.8153,2524.138,1284.2711,0.0010144656
IMG003422.jpeg,146.38771,2107.6997,191.10095,2162.4656,0.010503662
IMG003481.jpeg,969.8102,640.9591,1195.9727,751.5437,0.006073143
IMG003481.jpeg,1025.3156,636.4515,1251.54,748.59656,0.0016337439
IMG003499.jpeg,2.024089,678.49493,389.4315,1013.29236,0.0021129046
IMG003501.jpeg,1491.964,335.35867,1719.8563,463.75812,0.016248502
IMG003501.jpeg,450.16193,177.38052,780.5244,610.8941,0.0011542658
IMG003505.jpeg,960.3525,795.84924,996.964,832.09125,0.0012337945
IMG003509.jpeg,586.31726,273.57086,641.1385,374.44836,0.0047189584
IMG003509.jpeg,511.96976,269.2431,669.3146,399.4538,0.0023727652
IMG003511.jpeg,1445.399,316.24615,1664.2733,637.89923,0.011371236
IMG003511.jpeg,1274.0367,308.47058,1594.4612,635.0692,0.009466566
IMG003511.jpeg,1442.8407,312.02023,1586.2288,636.9496,0.0016514033
IMG003537.jpeg,614.89825,581.53674,801.6109,793.603,0.011016043
IMG003545.jpeg,549.3866,155.2251,557.92194,172.78735,0.001538284
IMG003548.jpeg,398.26868,1892.5292,455.07806,2090.305,0.5612209
IMG003548.jpeg,390.75424,1894.0529,458.11432,2199.5396,0.39073506
IMG003550.jpeg,296.645,584.60895,334.5956,676.45197,0.0054338267
IMG003550.jpeg,293.78238,566.5146,334.9305,677.38153,0.0028433222
IMG003586.jpeg,861.18335,1188.469,921.91113,1228.693,0.0045147836
IMG003599.jpeg,290.25012,716.9164,338.49207,764.32513,0.0010582916
IMG003607.jpeg,396.8499,955.42804,426.55093,1006.77313,0.50708866
IMG003607.jpeg,135.38841,1739.6013,388.1987,1795.8131,0.0038354066
IMG003607.jpeg,1100.8132,1048.7643,1125.8704,1090.7842,0.001043371
IMG003627.jpeg,376.32715,512.3042,443.46808,608.5718,0.011673585
IMG003628.jpeg,430.08768,534.0864,495.52344,608.407,0.0038665028
IMG003637.jpeg,641.1596,711.18304,1011.55457,1274.5381,0.04357458
IMG003637.jpeg,674.6382,738.15546,987.31976,1258.413,0.004678384
IMG003643.jpeg,478.1177,1627.256,508.06247,1715.9854,0.009522161
IMG003643.jpeg,292.03934,1129.3004,350.35336,1183.9645,0.0051817554
IMG003643.jpeg,467.50696,1634.4996,512.383,1722.9265,0.002534583
IMG003643.jpeg,614.97485,905.69507,651.9871,966.4766,0.0017455843
IMG003652.jpeg,515.03326,0.0,1045.0,454.251,0.0021280556
IMG003701.jpeg,0.0,5.455482,94.29191,66.899086,0.0024958397
IMG003701.jpeg,138.34726,388.62643,233.0,454.26898,0.002272963
IMG003705.jpeg,356.5464,810.111,471.9581,877.5142,0.024843046
IMG003705.jpeg,355.35773,804.33386,519.7447,880.01996,0.016502177
IMG003705.jpeg,357.69714,811.7497,464.4933,876.7209,0.00243723
IMG003705.jpeg,348.50812,796.3174,529.76447,884.4399,0.0013630827
IMG003716.jpeg,1016.82764,461.31067,1285.656,833.2836,0.8192938
IMG003716.jpeg,1044.4393,545.8836,1304.5973,840.82074,0.0011846061
IMG003738.jpg,206.0869,256.51297,275.77783,349.5086,0.008766528
IMG003738.jpg,99.11988,255.3164,177.99664,302.34793,0.0018957666
